[{"model": "admin.logentry", "pk": 1, "fields": {"action_time": "2024-06-15T20:07:15.581Z", "user": 1, "content_type": 6, "object_id": "1", "object_repr": "127.0.0.1:8000", "action_flag": 2, "change_message": "[{\"changed\": {\"fields\": [\"Domain name\", \"Display name\"]}}]"}}, {"model": "admin.logentry", "pk": 2, "fields": {"action_time": "2024-06-15T20:13:34.050Z", "user": 1, "content_type": 26, "object_id": "1", "object_repr": "Новость от 15.06.2024 — \"Добро пожаловать в современную онлайн-школу\"", "action_flag": 1, "change_message": "[{\"added\": {}}]"}}, {"model": "admin.logentry", "pk": 3, "fields": {"action_time": "2024-06-15T20:19:41.553Z", "user": 1, "content_type": 26, "object_id": "2", "object_repr": "Новость от 15.06.2024 — \"Новая возможность профиля пользователя\"", "action_flag": 1, "change_message": "[{\"added\": {}}]"}}, {"model": "admin.logentry", "pk": 4, "fields": {"action_time": "2024-06-15T20:20:41.006Z", "user": 1, "content_type": 26, "object_id": "2", "object_repr": "Новость от 15.06.2024 — \"Новая возможность профиля пользователя\"", "action_flag": 2, "change_message": "[{\"changed\": {\"fields\": [\"\\u0418\\u0437\\u043e\\u0431\\u0440\\u0430\\u0436\\u0435\\u043d\\u0438\\u0435\"]}}]"}}, {"model": "admin.logentry", "pk": 5, "fields": {"action_time": "2024-06-15T20:33:30.359Z", "user": 1, "content_type": 26, "object_id": "3", "object_repr": "Новость от 15.06.2024 — \"Технический перерыв на сайте\"", "action_flag": 1, "change_message": "[{\"added\": {}}]"}}, {"model": "admin.logentry", "pk": 6, "fields": {"action_time": "2024-06-15T21:16:54.206Z", "user": 1, "content_type": 24, "object_id": "teacher_found", "object_repr": "Учитель найден", "action_flag": 1, "change_message": "[{\"added\": {}}]"}}, {"model": "admin.logentry", "pk": 7, "fields": {"action_time": "2024-06-15T21:17:44.903Z", "user": 1, "content_type": 24, "object_id": "pending", "object_repr": "Ожидает подтверждения преподавателя", "action_flag": 1, "change_message": "[{\"added\": {}}]"}}, {"model": "admin.logentry", "pk": 8, "fields": {"action_time": "2024-06-15T21:18:38.061Z", "user": 1, "content_type": 24, "object_id": "finished", "object_repr": "Успешно завершено", "action_flag": 1, "change_message": "[{\"added\": {}}]"}}, {"model": "admin.logentry", "pk": 9, "fields": {"action_time": "2024-06-15T21:20:03.806Z", "user": 1, "content_type": 22, "object_id": "paid", "object_repr": "Оплачено", "action_flag": 1, "change_message": "[{\"added\": {}}]"}}, {"model": "admin.logentry", "pk": 10, "fields": {"action_time": "2024-06-15T21:20:53.808Z", "user": 1, "content_type": 22, "object_id": "ready", "object_repr": "Подготовлено", "action_flag": 1, "change_message": "[{\"added\": {}}]"}}, {"model": "admin.logentry", "pk": 11, "fields": {"action_time": "2024-06-15T21:28:24.366Z", "user": 1, "content_type": 26, "object_id": "4", "object_repr": "Новость от 15.06.2024 — \"Сайт снова доступен\"", "action_flag": 1, "change_message": "[{\"added\": {}}]"}}, {"model": "admin.logentry", "pk": 12, "fields": {"action_time": "2024-06-15T21:31:55.941Z", "user": 1, "content_type": 20, "object_id": "active", "object_repr": "Активный", "action_flag": 1, "change_message": "[{\"added\": {}}]"}}, {"model": "admin.logentry", "pk": 13, "fields": {"action_time": "2024-06-15T21:32:57.076Z", "user": 1, "content_type": 20, "object_id": "freeze", "object_repr": "Заморожен", "action_flag": 1, "change_message": "[{\"added\": {}}]"}}, {"model": "admin.logentry", "pk": 14, "fields": {"action_time": "2024-06-15T21:35:09.499Z", "user": 1, "content_type": 12, "object_id": "common", "object_repr": "Тариф «Обычный»", "action_flag": 1, "change_message": "[{\"added\": {}}]"}}, {"model": "admin.logentry", "pk": 15, "fields": {"action_time": "2024-06-15T21:36:08.242Z", "user": 1, "content_type": 12, "object_id": "speaking", "object_repr": "Тариф «Разговорный»", "action_flag": 1, "change_message": "[{\"added\": {}}]"}}, {"model": "admin.logentry", "pk": 16, "fields": {"action_time": "2024-06-15T21:37:40.607Z", "user": 1, "content_type": 12, "object_id": "business", "object_repr": "Тариф «Бизнес»", "action_flag": 1, "change_message": "[{\"added\": {}}]"}}, {"model": "admin.logentry", "pk": 17, "fields": {"action_time": "2024-06-15T21:38:40.825Z", "user": 1, "content_type": 26, "object_id": "3", "object_repr": "Новость от 15.06.2024 — \"Технический перерыв на сайте\"", "action_flag": 2, "change_message": "[{\"changed\": {\"fields\": [\"\\u0422\\u0435\\u043a\\u0441\\u0442\"]}}]"}}, {"model": "admin.logentry", "pk": 18, "fields": {"action_time": "2024-06-15T21:51:17.726Z", "user": 1, "content_type": 15, "object_id": "common", "object_repr": "Обычный", "action_flag": 1, "change_message": "[{\"added\": {}}]"}}, {"model": "admin.logentry", "pk": 19, "fields": {"action_time": "2024-06-15T21:52:23.573Z", "user": 1, "content_type": 15, "object_id": "subscription", "object_repr": "Абонемент", "action_flag": 1, "change_message": "[{\"added\": {}}]"}}, {"model": "admin.logentry", "pk": 20, "fields": {"action_time": "2024-06-15T21:52:58.642Z", "user": 1, "content_type": 13, "object_id": "1", "object_repr": "Плохо разбираетесь или ориентируетесь в грамматике английского", "action_flag": 1, "change_message": "[{\"added\": {}}]"}}, {"model": "admin.logentry", "pk": 21, "fields": {"action_time": "2024-06-15T21:53:16.475Z", "user": 1, "content_type": 13, "object_id": "2", "object_repr": "Не правильно проговариваете слова", "action_flag": 1, "change_message": "[{\"added\": {}}]"}}, {"model": "admin.logentry", "pk": 22, "fields": {"action_time": "2024-06-15T21:53:37.311Z", "user": 1, "content_type": 13, "object_id": "3", "object_repr": "Хотите увеличить свой словарный запас", "action_flag": 1, "change_message": "[{\"added\": {}}]"}}, {"model": "admin.logentry", "pk": 23, "fields": {"action_time": "2024-06-15T21:54:00.803Z", "user": 1, "content_type": 14, "object_id": "О-001", "object_repr": "Урок с преподавателем — Тариф «Обычный»", "action_flag": 1, "change_message": "[{\"added\": {}}, {\"added\": {\"name\": \"\\u041f\\u0440\\u0435\\u0434\\u043f\\u043e\\u0447\\u0442\\u0435\\u043d\\u0438\\u0435 \\u0432\\u044b\\u0431\\u043e\\u0440\\u0430 \\u0443\\u0441\\u043b\\u0443\\u0433\\u0438\", \"object\": \"\\u041f\\u0440\\u0435\\u0434\\u043f\\u043e\\u0447\\u0442\\u0435\\u043d\\u0438\\u0435 \\u0434\\u043b\\u044f \\u0423\\u0440\\u043e\\u043a \\u0441 \\u043f\\u0440\\u0435\\u043f\\u043e\\u0434\\u0430\\u0432\\u0430\\u0442\\u0435\\u043b\\u0435\\u043c \\u2014 \\u0422\\u0430\\u0440\\u0438\\u0444 \\u00ab\\u041e\\u0431\\u044b\\u0447\\u043d\\u044b\\u0439\\u00bb\"}}]"}}, {"model": "admin.logentry", "pk": 24, "fields": {"action_time": "2024-06-15T21:55:25.384Z", "user": 1, "content_type": 14, "object_id": "О-001", "object_repr": "Урок с преподавателем — Тариф «Обычный»", "action_flag": 2, "change_message": "[{\"added\": {\"name\": \"\\u041f\\u0440\\u0435\\u0434\\u043f\\u043e\\u0447\\u0442\\u0435\\u043d\\u0438\\u0435 \\u0432\\u044b\\u0431\\u043e\\u0440\\u0430 \\u0443\\u0441\\u043b\\u0443\\u0433\\u0438\", \"object\": \"\\u041f\\u0440\\u0435\\u0434\\u043f\\u043e\\u0447\\u0442\\u0435\\u043d\\u0438\\u0435 \\u0434\\u043b\\u044f \\u0423\\u0440\\u043e\\u043a \\u0441 \\u043f\\u0440\\u0435\\u043f\\u043e\\u0434\\u0430\\u0432\\u0430\\u0442\\u0435\\u043b\\u0435\\u043c \\u2014 \\u0422\\u0430\\u0440\\u0438\\u0444 \\u00ab\\u041e\\u0431\\u044b\\u0447\\u043d\\u044b\\u0439\\u00bb\"}}, {\"added\": {\"name\": \"\\u041f\\u0440\\u0435\\u0434\\u043f\\u043e\\u0447\\u0442\\u0435\\u043d\\u0438\\u0435 \\u0432\\u044b\\u0431\\u043e\\u0440\\u0430 \\u0443\\u0441\\u043b\\u0443\\u0433\\u0438\", \"object\": \"\\u041f\\u0440\\u0435\\u0434\\u043f\\u043e\\u0447\\u0442\\u0435\\u043d\\u0438\\u0435 \\u0434\\u043b\\u044f \\u0423\\u0440\\u043e\\u043a \\u0441 \\u043f\\u0440\\u0435\\u043f\\u043e\\u0434\\u0430\\u0432\\u0430\\u0442\\u0435\\u043b\\u0435\\u043c \\u2014 \\u0422\\u0430\\u0440\\u0438\\u0444 \\u00ab\\u041e\\u0431\\u044b\\u0447\\u043d\\u044b\\u0439\\u00bb\"}}]"}}, {"model": "admin.logentry", "pk": 25, "fields": {"action_time": "2024-06-15T21:55:39.388Z", "user": 1, "content_type": 14, "object_id": "О-001", "object_repr": "Урок с преподавателем — Тариф «Обычный»", "action_flag": 2, "change_message": "[]"}}, {"model": "admin.logentry", "pk": 26, "fields": {"action_time": "2024-06-15T21:55:47.106Z", "user": 1, "content_type": 14, "object_id": "О-001", "object_repr": "Урок с преподавателем — Тариф «Обычный»", "action_flag": 2, "change_message": "[{\"deleted\": {\"name\": \"\\u041f\\u0440\\u0435\\u0434\\u043f\\u043e\\u0447\\u0442\\u0435\\u043d\\u0438\\u0435 \\u0432\\u044b\\u0431\\u043e\\u0440\\u0430 \\u0443\\u0441\\u043b\\u0443\\u0433\\u0438\", \"object\": \"\\u041f\\u0440\\u0435\\u0434\\u043f\\u043e\\u0447\\u0442\\u0435\\u043d\\u0438\\u0435 \\u0434\\u043b\\u044f \\u0423\\u0440\\u043e\\u043a \\u0441 \\u043f\\u0440\\u0435\\u043f\\u043e\\u0434\\u0430\\u0432\\u0430\\u0442\\u0435\\u043b\\u0435\\u043c \\u2014 \\u0422\\u0430\\u0440\\u0438\\u0444 \\u00ab\\u041e\\u0431\\u044b\\u0447\\u043d\\u044b\\u0439\\u00bb\"}}]"}}, {"model": "admin.logentry", "pk": 27, "fields": {"action_time": "2024-06-15T21:56:05.880Z", "user": 1, "content_type": 14, "object_id": "О-001", "object_repr": "Урок с преподавателем — Тариф «Обычный»", "action_flag": 2, "change_message": "[{\"added\": {\"name\": \"\\u041f\\u0440\\u0435\\u0434\\u043f\\u043e\\u0447\\u0442\\u0435\\u043d\\u0438\\u0435 \\u0432\\u044b\\u0431\\u043e\\u0440\\u0430 \\u0443\\u0441\\u043b\\u0443\\u0433\\u0438\", \"object\": \"\\u041f\\u0440\\u0435\\u0434\\u043f\\u043e\\u0447\\u0442\\u0435\\u043d\\u0438\\u0435 \\u0434\\u043b\\u044f \\u0423\\u0440\\u043e\\u043a \\u0441 \\u043f\\u0440\\u0435\\u043f\\u043e\\u0434\\u0430\\u0432\\u0430\\u0442\\u0435\\u043b\\u0435\\u043c \\u2014 \\u0422\\u0430\\u0440\\u0438\\u0444 \\u00ab\\u041e\\u0431\\u044b\\u0447\\u043d\\u044b\\u0439\\u00bb\"}}]"}}, {"model": "admin.logentry", "pk": 28, "fields": {"action_time": "2024-06-15T21:56:56.952Z", "user": 1, "content_type": 13, "object_id": "4", "object_repr": "Часто имеете потребность разговаривать с сотрудниками на английском языке", "action_flag": 1, "change_message": "[{\"added\": {}}]"}}, {"model": "admin.logentry", "pk": 29, "fields": {"action_time": "2024-06-15T21:57:15.666Z", "user": 1, "content_type": 13, "object_id": "5", "object_repr": "Хотите научиться красиво презентовать решения для бизнеса", "action_flag": 1, "change_message": "[{\"added\": {}}]"}}, {"model": "admin.logentry", "pk": 30, "fields": {"action_time": "2024-06-15T21:57:30.624Z", "user": 1, "content_type": 13, "object_id": "6", "object_repr": "Планируете разобраться в способе подачи информации в бизнес-среде", "action_flag": 1, "change_message": "[{\"added\": {}}]"}}, {"model": "admin.logentry", "pk": 31, "fields": {"action_time": "2024-06-15T21:57:38.503Z", "user": 1, "content_type": 14, "object_id": "О-002", "object_repr": "Урок с преподавателем — Тариф «Бизнес»", "action_flag": 1, "change_message": "[{\"added\": {}}, {\"added\": {\"name\": \"\\u041f\\u0440\\u0435\\u0434\\u043f\\u043e\\u0447\\u0442\\u0435\\u043d\\u0438\\u0435 \\u0432\\u044b\\u0431\\u043e\\u0440\\u0430 \\u0443\\u0441\\u043b\\u0443\\u0433\\u0438\", \"object\": \"\\u041f\\u0440\\u0435\\u0434\\u043f\\u043e\\u0447\\u0442\\u0435\\u043d\\u0438\\u0435 \\u0434\\u043b\\u044f \\u0423\\u0440\\u043e\\u043a \\u0441 \\u043f\\u0440\\u0435\\u043f\\u043e\\u0434\\u0430\\u0432\\u0430\\u0442\\u0435\\u043b\\u0435\\u043c \\u2014 \\u0422\\u0430\\u0440\\u0438\\u0444 \\u00ab\\u0411\\u0438\\u0437\\u043d\\u0435\\u0441\\u00bb\"}}]"}}, {"model": "admin.logentry", "pk": 32, "fields": {"action_time": "2024-06-15T21:58:00.481Z", "user": 1, "content_type": 14, "object_id": "О-002", "object_repr": "Урок с преподавателем — Тариф «Бизнес»", "action_flag": 2, "change_message": "[{\"added\": {\"name\": \"\\u041f\\u0440\\u0435\\u0434\\u043f\\u043e\\u0447\\u0442\\u0435\\u043d\\u0438\\u0435 \\u0432\\u044b\\u0431\\u043e\\u0440\\u0430 \\u0443\\u0441\\u043b\\u0443\\u0433\\u0438\", \"object\": \"\\u041f\\u0440\\u0435\\u0434\\u043f\\u043e\\u0447\\u0442\\u0435\\u043d\\u0438\\u0435 \\u0434\\u043b\\u044f \\u0423\\u0440\\u043e\\u043a \\u0441 \\u043f\\u0440\\u0435\\u043f\\u043e\\u0434\\u0430\\u0432\\u0430\\u0442\\u0435\\u043b\\u0435\\u043c \\u2014 \\u0422\\u0430\\u0440\\u0438\\u0444 \\u00ab\\u0411\\u0438\\u0437\\u043d\\u0435\\u0441\\u00bb\"}}, {\"added\": {\"name\": \"\\u041f\\u0440\\u0435\\u0434\\u043f\\u043e\\u0447\\u0442\\u0435\\u043d\\u0438\\u0435 \\u0432\\u044b\\u0431\\u043e\\u0440\\u0430 \\u0443\\u0441\\u043b\\u0443\\u0433\\u0438\", \"object\": \"\\u041f\\u0440\\u0435\\u0434\\u043f\\u043e\\u0447\\u0442\\u0435\\u043d\\u0438\\u0435 \\u0434\\u043b\\u044f \\u0423\\u0440\\u043e\\u043a \\u0441 \\u043f\\u0440\\u0435\\u043f\\u043e\\u0434\\u0430\\u0432\\u0430\\u0442\\u0435\\u043b\\u0435\\u043c \\u2014 \\u0422\\u0430\\u0440\\u0438\\u0444 \\u00ab\\u0411\\u0438\\u0437\\u043d\\u0435\\u0441\\u00bb\"}}]"}}, {"model": "admin.logentry", "pk": 33, "fields": {"action_time": "2024-06-15T21:58:33.240Z", "user": 1, "content_type": 13, "object_id": "7", "object_repr": "Хотите скорее снять речевой барьер говорения на английском", "action_flag": 1, "change_message": "[{\"added\": {}}]"}}, {"model": "admin.logentry", "pk": 34, "fields": {"action_time": "2024-06-15T22:00:00.591Z", "user": 1, "content_type": 13, "object_id": "8", "object_repr": "Не можете распознать английскую речь собеседника", "action_flag": 1, "change_message": "[{\"added\": {}}]"}}, {"model": "admin.logentry", "pk": 35, "fields": {"action_time": "2024-06-15T22:00:50.815Z", "user": 1, "content_type": 14, "object_id": "О-003", "object_repr": "Урок с преподавателем — Тариф «Разговорный»", "action_flag": 1, "change_message": "[{\"added\": {}}, {\"added\": {\"name\": \"\\u041f\\u0440\\u0435\\u0434\\u043f\\u043e\\u0447\\u0442\\u0435\\u043d\\u0438\\u0435 \\u0432\\u044b\\u0431\\u043e\\u0440\\u0430 \\u0443\\u0441\\u043b\\u0443\\u0433\\u0438\", \"object\": \"\\u041f\\u0440\\u0435\\u0434\\u043f\\u043e\\u0447\\u0442\\u0435\\u043d\\u0438\\u0435 \\u0434\\u043b\\u044f \\u0423\\u0440\\u043e\\u043a \\u0441 \\u043f\\u0440\\u0435\\u043f\\u043e\\u0434\\u0430\\u0432\\u0430\\u0442\\u0435\\u043b\\u0435\\u043c \\u2014 \\u0422\\u0430\\u0440\\u0438\\u0444 \\u00ab\\u0420\\u0430\\u0437\\u0433\\u043e\\u0432\\u043e\\u0440\\u043d\\u044b\\u0439\\u00bb\"}}, {\"added\": {\"name\": \"\\u041f\\u0440\\u0435\\u0434\\u043f\\u043e\\u0447\\u0442\\u0435\\u043d\\u0438\\u0435 \\u0432\\u044b\\u0431\\u043e\\u0440\\u0430 \\u0443\\u0441\\u043b\\u0443\\u0433\\u0438\", \"object\": \"\\u041f\\u0440\\u0435\\u0434\\u043f\\u043e\\u0447\\u0442\\u0435\\u043d\\u0438\\u0435 \\u0434\\u043b\\u044f \\u0423\\u0440\\u043e\\u043a \\u0441 \\u043f\\u0440\\u0435\\u043f\\u043e\\u0434\\u0430\\u0432\\u0430\\u0442\\u0435\\u043b\\u0435\\u043c \\u2014 \\u0422\\u0430\\u0440\\u0438\\u0444 \\u00ab\\u0420\\u0430\\u0437\\u0433\\u043e\\u0432\\u043e\\u0440\\u043d\\u044b\\u0439\\u00bb\"}}, {\"added\": {\"name\": \"\\u041f\\u0440\\u0435\\u0434\\u043f\\u043e\\u0447\\u0442\\u0435\\u043d\\u0438\\u0435 \\u0432\\u044b\\u0431\\u043e\\u0440\\u0430 \\u0443\\u0441\\u043b\\u0443\\u0433\\u0438\", \"object\": \"\\u041f\\u0440\\u0435\\u0434\\u043f\\u043e\\u0447\\u0442\\u0435\\u043d\\u0438\\u0435 \\u0434\\u043b\\u044f \\u0423\\u0440\\u043e\\u043a \\u0441 \\u043f\\u0440\\u0435\\u043f\\u043e\\u0434\\u0430\\u0432\\u0430\\u0442\\u0435\\u043b\\u0435\\u043c \\u2014 \\u0422\\u0430\\u0440\\u0438\\u0444 \\u00ab\\u0420\\u0430\\u0437\\u0433\\u043e\\u0432\\u043e\\u0440\\u043d\\u044b\\u0439\\u00bb\"}}]"}}, {"model": "admin.logentry", "pk": 36, "fields": {"action_time": "2024-06-15T22:12:32.327Z", "user": 1, "content_type": 13, "object_id": "9", "object_repr": "Планируете уделить обучению продолжительное врем", "action_flag": 1, "change_message": "[{\"added\": {}}]"}}, {"model": "admin.logentry", "pk": 37, "fields": {"action_time": "2024-06-15T22:12:44.892Z", "user": 1, "content_type": 14, "object_id": "А-001", "object_repr": "10 занятий с преподавателем — Тариф «Разговорный»", "action_flag": 1, "change_message": "[{\"added\": {}}, {\"added\": {\"name\": \"\\u041f\\u0440\\u0435\\u0434\\u043f\\u043e\\u0447\\u0442\\u0435\\u043d\\u0438\\u0435 \\u0432\\u044b\\u0431\\u043e\\u0440\\u0430 \\u0443\\u0441\\u043b\\u0443\\u0433\\u0438\", \"object\": \"\\u041f\\u0440\\u0435\\u0434\\u043f\\u043e\\u0447\\u0442\\u0435\\u043d\\u0438\\u0435 \\u0434\\u043b\\u044f 10 \\u0437\\u0430\\u043d\\u044f\\u0442\\u0438\\u0439 \\u0441 \\u043f\\u0440\\u0435\\u043f\\u043e\\u0434\\u0430\\u0432\\u0430\\u0442\\u0435\\u043b\\u0435\\u043c \\u2014 \\u0422\\u0430\\u0440\\u0438\\u0444 \\u00ab\\u0420\\u0430\\u0437\\u0433\\u043e\\u0432\\u043e\\u0440\\u043d\\u044b\\u0439\\u00bb\"}}, {\"added\": {\"name\": \"\\u041f\\u0440\\u0435\\u0434\\u043f\\u043e\\u0447\\u0442\\u0435\\u043d\\u0438\\u0435 \\u0432\\u044b\\u0431\\u043e\\u0440\\u0430 \\u0443\\u0441\\u043b\\u0443\\u0433\\u0438\", \"object\": \"\\u041f\\u0440\\u0435\\u0434\\u043f\\u043e\\u0447\\u0442\\u0435\\u043d\\u0438\\u0435 \\u0434\\u043b\\u044f 10 \\u0437\\u0430\\u043d\\u044f\\u0442\\u0438\\u0439 \\u0441 \\u043f\\u0440\\u0435\\u043f\\u043e\\u0434\\u0430\\u0432\\u0430\\u0442\\u0435\\u043b\\u0435\\u043c \\u2014 \\u0422\\u0430\\u0440\\u0438\\u0444 \\u00ab\\u0420\\u0430\\u0437\\u0433\\u043e\\u0432\\u043e\\u0440\\u043d\\u044b\\u0439\\u00bb\"}}, {\"added\": {\"name\": \"\\u041f\\u0440\\u0435\\u0434\\u043f\\u043e\\u0447\\u0442\\u0435\\u043d\\u0438\\u0435 \\u0432\\u044b\\u0431\\u043e\\u0440\\u0430 \\u0443\\u0441\\u043b\\u0443\\u0433\\u0438\", \"object\": \"\\u041f\\u0440\\u0435\\u0434\\u043f\\u043e\\u0447\\u0442\\u0435\\u043d\\u0438\\u0435 \\u0434\\u043b\\u044f 10 \\u0437\\u0430\\u043d\\u044f\\u0442\\u0438\\u0439 \\u0441 \\u043f\\u0440\\u0435\\u043f\\u043e\\u0434\\u0430\\u0432\\u0430\\u0442\\u0435\\u043b\\u0435\\u043c \\u2014 \\u0422\\u0430\\u0440\\u0438\\u0444 \\u00ab\\u0420\\u0430\\u0437\\u0433\\u043e\\u0432\\u043e\\u0440\\u043d\\u044b\\u0439\\u00bb\"}}]"}}, {"model": "admin.logentry", "pk": 38, "fields": {"action_time": "2024-06-15T22:14:12.163Z", "user": 1, "content_type": 13, "object_id": "9", "object_repr": "Планируете уделить обучению продолжительное время", "action_flag": 2, "change_message": "[{\"changed\": {\"fields\": [\"\\u0422\\u0435\\u043a\\u0441\\u0442\"]}}]"}}, {"model": "admin.logentry", "pk": 39, "fields": {"action_time": "2024-06-15T22:14:31.060Z", "user": 1, "content_type": 14, "object_id": "А-002", "object_repr": "10 занятий с преподаватем — Тариф «Бизнес»", "action_flag": 1, "change_message": "[{\"added\": {}}, {\"added\": {\"name\": \"\\u041f\\u0440\\u0435\\u0434\\u043f\\u043e\\u0447\\u0442\\u0435\\u043d\\u0438\\u0435 \\u0432\\u044b\\u0431\\u043e\\u0440\\u0430 \\u0443\\u0441\\u043b\\u0443\\u0433\\u0438\", \"object\": \"\\u041f\\u0440\\u0435\\u0434\\u043f\\u043e\\u0447\\u0442\\u0435\\u043d\\u0438\\u0435 \\u0434\\u043b\\u044f 10 \\u0437\\u0430\\u043d\\u044f\\u0442\\u0438\\u0439 \\u0441 \\u043f\\u0440\\u0435\\u043f\\u043e\\u0434\\u0430\\u0432\\u0430\\u0442\\u0435\\u043c \\u2014 \\u0422\\u0430\\u0440\\u0438\\u0444 \\u00ab\\u0411\\u0438\\u0437\\u043d\\u0435\\u0441\\u00bb\"}}, {\"added\": {\"name\": \"\\u041f\\u0440\\u0435\\u0434\\u043f\\u043e\\u0447\\u0442\\u0435\\u043d\\u0438\\u0435 \\u0432\\u044b\\u0431\\u043e\\u0440\\u0430 \\u0443\\u0441\\u043b\\u0443\\u0433\\u0438\", \"object\": \"\\u041f\\u0440\\u0435\\u0434\\u043f\\u043e\\u0447\\u0442\\u0435\\u043d\\u0438\\u0435 \\u0434\\u043b\\u044f 10 \\u0437\\u0430\\u043d\\u044f\\u0442\\u0438\\u0439 \\u0441 \\u043f\\u0440\\u0435\\u043f\\u043e\\u0434\\u0430\\u0432\\u0430\\u0442\\u0435\\u043c \\u2014 \\u0422\\u0430\\u0440\\u0438\\u0444 \\u00ab\\u0411\\u0438\\u0437\\u043d\\u0435\\u0441\\u00bb\"}}, {\"added\": {\"name\": \"\\u041f\\u0440\\u0435\\u0434\\u043f\\u043e\\u0447\\u0442\\u0435\\u043d\\u0438\\u0435 \\u0432\\u044b\\u0431\\u043e\\u0440\\u0430 \\u0443\\u0441\\u043b\\u0443\\u0433\\u0438\", \"object\": \"\\u041f\\u0440\\u0435\\u0434\\u043f\\u043e\\u0447\\u0442\\u0435\\u043d\\u0438\\u0435 \\u0434\\u043b\\u044f 10 \\u0437\\u0430\\u043d\\u044f\\u0442\\u0438\\u0439 \\u0441 \\u043f\\u0440\\u0435\\u043f\\u043e\\u0434\\u0430\\u0432\\u0430\\u0442\\u0435\\u043c \\u2014 \\u0422\\u0430\\u0440\\u0438\\u0444 \\u00ab\\u0411\\u0438\\u0437\\u043d\\u0435\\u0441\\u00bb\"}}]"}}, {"model": "admin.logentry", "pk": 40, "fields": {"action_time": "2024-06-15T22:16:27.324Z", "user": 1, "content_type": 14, "object_id": "А-003", "object_repr": "10 занятий с преподавателем — Тариф «Обычный»", "action_flag": 1, "change_message": "[{\"added\": {}}, {\"added\": {\"name\": \"\\u041f\\u0440\\u0435\\u0434\\u043f\\u043e\\u0447\\u0442\\u0435\\u043d\\u0438\\u0435 \\u0432\\u044b\\u0431\\u043e\\u0440\\u0430 \\u0443\\u0441\\u043b\\u0443\\u0433\\u0438\", \"object\": \"\\u041f\\u0440\\u0435\\u0434\\u043f\\u043e\\u0447\\u0442\\u0435\\u043d\\u0438\\u0435 \\u0434\\u043b\\u044f 10 \\u0437\\u0430\\u043d\\u044f\\u0442\\u0438\\u0439 \\u0441 \\u043f\\u0440\\u0435\\u043f\\u043e\\u0434\\u0430\\u0432\\u0430\\u0442\\u0435\\u043b\\u0435\\u043c \\u2014 \\u0422\\u0430\\u0440\\u0438\\u0444 \\u00ab\\u041e\\u0431\\u044b\\u0447\\u043d\\u044b\\u0439\\u00bb\"}}, {\"added\": {\"name\": \"\\u041f\\u0440\\u0435\\u0434\\u043f\\u043e\\u0447\\u0442\\u0435\\u043d\\u0438\\u0435 \\u0432\\u044b\\u0431\\u043e\\u0440\\u0430 \\u0443\\u0441\\u043b\\u0443\\u0433\\u0438\", \"object\": \"\\u041f\\u0440\\u0435\\u0434\\u043f\\u043e\\u0447\\u0442\\u0435\\u043d\\u0438\\u0435 \\u0434\\u043b\\u044f 10 \\u0437\\u0430\\u043d\\u044f\\u0442\\u0438\\u0439 \\u0441 \\u043f\\u0440\\u0435\\u043f\\u043e\\u0434\\u0430\\u0432\\u0430\\u0442\\u0435\\u043b\\u0435\\u043c \\u2014 \\u0422\\u0430\\u0440\\u0438\\u0444 \\u00ab\\u041e\\u0431\\u044b\\u0447\\u043d\\u044b\\u0439\\u00bb\"}}, {\"added\": {\"name\": \"\\u041f\\u0440\\u0435\\u0434\\u043f\\u043e\\u0447\\u0442\\u0435\\u043d\\u0438\\u0435 \\u0432\\u044b\\u0431\\u043e\\u0440\\u0430 \\u0443\\u0441\\u043b\\u0443\\u0433\\u0438\", \"object\": \"\\u041f\\u0440\\u0435\\u0434\\u043f\\u043e\\u0447\\u0442\\u0435\\u043d\\u0438\\u0435 \\u0434\\u043b\\u044f 10 \\u0437\\u0430\\u043d\\u044f\\u0442\\u0438\\u0439 \\u0441 \\u043f\\u0440\\u0435\\u043f\\u043e\\u0434\\u0430\\u0432\\u0430\\u0442\\u0435\\u043b\\u0435\\u043c \\u2014 \\u0422\\u0430\\u0440\\u0438\\u0444 \\u00ab\\u041e\\u0431\\u044b\\u0447\\u043d\\u044b\\u0439\\u00bb\"}}]"}}, {"model": "admin.logentry", "pk": 41, "fields": {"action_time": "2024-06-16T10:48:42.910Z", "user": 1, "content_type": 26, "object_id": "5", "object_repr": "Новость от 16.06.2024 — \"Акция при покупке абонемента!\"", "action_flag": 1, "change_message": "[{\"added\": {}}]"}}, {"model": "admin.logentry", "pk": 42, "fields": {"action_time": "2024-06-16T15:16:47.085Z", "user": 1, "content_type": 10, "object_id": "2", "object_repr": "Профиль преподавателя Иван Алтуфьев", "action_flag": 2, "change_message": "[{\"changed\": {\"fields\": [\"\\u041f\\u043e\\u043b\"]}}, {\"added\": {\"name\": \"\\u041f\\u0440\\u0438\\u0441\\u0432\\u043e\\u0435\\u043d\\u0438\\u0435 \\u0442\\u0430\\u0440\\u0438\\u0444\\u0430\", \"object\": \"\\u0422\\u0430\\u0440\\u0438\\u0444 \\u00ab\\u0420\\u0430\\u0437\\u0433\\u043e\\u0432\\u043e\\u0440\\u043d\\u044b\\u0439\\u00bb \\u0434\\u043b\\u044f \\u041f\\u0440\\u043e\\u0444\\u0438\\u043b\\u044c \\u043f\\u0440\\u0435\\u043f\\u043e\\u0434\\u0430\\u0432\\u0430\\u0442\\u0435\\u043b\\u044f \\u0418\\u0432\\u0430\\u043d \\u0410\\u043b\\u0442\\u0443\\u0444\\u044c\\u0435\\u0432\"}}]"}}, {"model": "admin.logentry", "pk": 43, "fields": {"action_time": "2024-06-16T15:16:52.018Z", "user": 1, "content_type": 10, "object_id": "1", "object_repr": "Профиль преподавателя Эдуард Фернадский", "action_flag": 2, "change_message": "[{\"added\": {\"name\": \"\\u041f\\u0440\\u0438\\u0441\\u0432\\u043e\\u0435\\u043d\\u0438\\u0435 \\u0442\\u0430\\u0440\\u0438\\u0444\\u0430\", \"object\": \"\\u0422\\u0430\\u0440\\u0438\\u0444 \\u00ab\\u041e\\u0431\\u044b\\u0447\\u043d\\u044b\\u0439\\u00bb \\u0434\\u043b\\u044f \\u041f\\u0440\\u043e\\u0444\\u0438\\u043b\\u044c \\u043f\\u0440\\u0435\\u043f\\u043e\\u0434\\u0430\\u0432\\u0430\\u0442\\u0435\\u043b\\u044f \\u042d\\u0434\\u0443\\u0430\\u0440\\u0434 \\u0424\\u0435\\u0440\\u043d\\u0430\\u0434\\u0441\\u043a\\u0438\\u0439\"}}]"}}, {"model": "admin.logentry", "pk": 44, "fields": {"action_time": "2024-06-16T15:20:30.211Z", "user": 1, "content_type": 25, "object_id": "1", "object_repr": "Занятие 16.06.2024 19:30 - 20:30", "action_flag": 1, "change_message": "[{\"added\": {}}]"}}, {"model": "admin.logentry", "pk": 45, "fields": {"action_time": "2024-06-16T15:22:16.486Z", "user": 1, "content_type": 25, "object_id": "2", "object_repr": "Занятие 17.06.2024 18:00 - 19:00", "action_flag": 1, "change_message": "[{\"added\": {}}]"}}, {"model": "admin.logentry", "pk": 46, "fields": {"action_time": "2024-06-16T22:04:26.683Z", "user": 1, "content_type": 25, "object_id": "2", "object_repr": "Занятие 17.06.2024 15:00 - 16:00", "action_flag": 3, "change_message": ""}}, {"model": "admin.logentry", "pk": 47, "fields": {"action_time": "2024-06-16T22:04:26.690Z", "user": 1, "content_type": 25, "object_id": "3", "object_repr": "Занятие 17.06.2024 09:30 - 10:30", "action_flag": 3, "change_message": ""}}, {"model": "admin.logentry", "pk": 48, "fields": {"action_time": "2024-06-16T22:04:26.692Z", "user": 1, "content_type": 25, "object_id": "1", "object_repr": "Занятие 16.06.2024 16:30 - 17:30", "action_flag": 3, "change_message": ""}}, {"model": "admin.logentry", "pk": 49, "fields": {"action_time": "2024-06-16T22:04:38.117Z", "user": 1, "content_type": 7, "object_id": "4", "object_repr": "Александр [bixber_student] Быньков", "action_flag": 3, "change_message": ""}}, {"model": "admin.logentry", "pk": 50, "fields": {"action_time": "2024-06-16T22:05:15.129Z", "user": 1, "content_type": 7, "object_id": "4", "object_repr": "Александр [bixber_student] Быньков", "action_flag": 3, "change_message": ""}}, {"model": "admin.logentry", "pk": 51, "fields": {"action_time": "2024-06-16T22:06:10.487Z", "user": 1, "content_type": 19, "object_id": "5", "object_repr": "Транзакция для кошелька Электронный кошелёк пользователя Александр [bixber_student] Быньков: Оплата на сумму 1000.00", "action_flag": 3, "change_message": ""}}, {"model": "admin.logentry", "pk": 52, "fields": {"action_time": "2024-06-16T22:06:19.902Z", "user": 1, "content_type": 19, "object_id": "4", "object_repr": "Транзакция для кошелька Электронный кошелёк пользователя Alexander [student_3] Stefanov: Оплата на сумму 1000.00", "action_flag": 3, "change_message": ""}}, {"model": "admin.logentry", "pk": 53, "fields": {"action_time": "2024-06-16T22:06:19.907Z", "user": 1, "content_type": 19, "object_id": "3", "object_repr": "Транзакция для кошелька Электронный кошелёк пользователя Иван [teacher_2] Алтуфьев: Оплата на сумму 90000.00", "action_flag": 3, "change_message": ""}}, {"model": "admin.logentry", "pk": 54, "fields": {"action_time": "2024-06-16T22:06:29.868Z", "user": 1, "content_type": 19, "object_id": "2", "object_repr": "Транзакция для кошелька Электронный кошелёк пользователя Александр [bixber_student] Быньков: Оплата на сумму 14000.00", "action_flag": 3, "change_message": ""}}, {"model": "admin.logentry", "pk": 55, "fields": {"action_time": "2024-06-16T22:06:29.873Z", "user": 1, "content_type": 19, "object_id": "1", "object_repr": "Транзакция для кошелька Электронный кошелёк пользователя Дмитрий [student_1] Савельев: Оплата на сумму 1000.00", "action_flag": 3, "change_message": ""}}, {"model": "admin.logentry", "pk": 56, "fields": {"action_time": "2024-06-16T22:07:05.167Z", "user": 1, "content_type": 21, "object_id": "5", "object_repr": "Заказ 0005", "action_flag": 3, "change_message": ""}}, {"model": "admin.logentry", "pk": 57, "fields": {"action_time": "2024-06-16T22:07:05.170Z", "user": 1, "content_type": 21, "object_id": "2", "object_repr": "Заказ 0002", "action_flag": 3, "change_message": ""}}, {"model": "admin.logentry", "pk": 58, "fields": {"action_time": "2024-06-16T22:07:13.868Z", "user": 1, "content_type": 8, "object_id": "2", "object_repr": "Профиль студента Александр Быньков", "action_flag": 3, "change_message": ""}}, {"model": "admin.logentry", "pk": 59, "fields": {"action_time": "2024-06-16T22:07:30.909Z", "user": 1, "content_type": 7, "object_id": "4", "object_repr": "Александр [bixber_student] Быньков", "action_flag": 3, "change_message": ""}}, {"model": "admin.logentry", "pk": 60, "fields": {"action_time": "2024-06-16T22:16:51.012Z", "user": 1, "content_type": 8, "object_id": "4", "object_repr": "Профиль студента Alex Byn", "action_flag": 3, "change_message": ""}}, {"model": "admin.logentry", "pk": 61, "fields": {"action_time": "2024-06-16T22:17:00.588Z", "user": 1, "content_type": 7, "object_id": "9", "object_repr": "Alex [bixber_student] Byn", "action_flag": 3, "change_message": ""}}, {"model": "admin.logentry", "pk": 62, "fields": {"action_time": "2024-06-16T22:23:27.356Z", "user": 1, "content_type": 7, "object_id": "10", "object_repr": "AD [bixbersadfes] AfsDSG", "action_flag": 3, "change_message": ""}}, {"model": "admin.logentry", "pk": 63, "fields": {"action_time": "2024-06-16T22:42:21.036Z", "user": 1, "content_type": 25, "object_id": "4", "object_repr": "Занятие 18.06.2024 09:30 - 10:30", "action_flag": 3, "change_message": ""}}, {"model": "admin.logentry", "pk": 64, "fields": {"action_time": "2024-06-16T22:42:27.319Z", "user": 1, "content_type": 7, "object_id": "11", "object_repr": "Asds [bixber_student] ADs", "action_flag": 3, "change_message": ""}}, {"model": "admin.logentry", "pk": 65, "fields": {"action_time": "2024-06-16T22:42:39.063Z", "user": 1, "content_type": 19, "object_id": "6", "object_repr": "Транзакция для кошелька Электронный кошелёк пользователя Asds [bixber_student] ADs: Оплата на сумму 1500.00", "action_flag": 3, "change_message": ""}}, {"model": "admin.logentry", "pk": 66, "fields": {"action_time": "2024-06-16T22:42:44.732Z", "user": 1, "content_type": 7, "object_id": "11", "object_repr": "Asds [bixber_student] ADs", "action_flag": 3, "change_message": ""}}, {"model": "admin.logentry", "pk": 67, "fields": {"action_time": "2024-06-16T22:43:05.150Z", "user": 1, "content_type": 21, "object_id": "6", "object_repr": "Заказ 0006", "action_flag": 3, "change_message": ""}}, {"model": "admin.logentry", "pk": 68, "fields": {"action_time": "2024-06-16T22:43:12.826Z", "user": 1, "content_type": 7, "object_id": "11", "object_repr": "Asds [bixber_student] ADs", "action_flag": 3, "change_message": ""}}, {"model": "admin.logentry", "pk": 69, "fields": {"action_time": "2024-06-17T10:19:43.169Z", "user": 1, "content_type": 10, "object_id": "3", "object_repr": "Профиль преподавателя Сергей Александров", "action_flag": 2, "change_message": "[{\"added\": {\"name\": \"\\u041f\\u0440\\u0438\\u0441\\u0432\\u043e\\u0435\\u043d\\u0438\\u0435 \\u0442\\u0430\\u0440\\u0438\\u0444\\u0430\", \"object\": \"\\u0422\\u0430\\u0440\\u0438\\u0444 \\u00ab\\u041e\\u0431\\u044b\\u0447\\u043d\\u044b\\u0439\\u00bb \\u0434\\u043b\\u044f \\u041f\\u0440\\u043e\\u0444\\u0438\\u043b\\u044c \\u043f\\u0440\\u0435\\u043f\\u043e\\u0434\\u0430\\u0432\\u0430\\u0442\\u0435\\u043b\\u044f \\u0421\\u0435\\u0440\\u0433\\u0435\\u0439 \\u0410\\u043b\\u0435\\u043a\\u0441\\u0430\\u043d\\u0434\\u0440\\u043e\\u0432\"}}]"}}, {"model": "admin.logentry", "pk": 70, "fields": {"action_time": "2024-06-17T12:46:24.822Z", "user": 1, "content_type": 25, "object_id": "5", "object_repr": "Занятие 17.06.2024 15:00 - 16:00", "action_flag": 3, "change_message": ""}}, {"model": "admin.logentry", "pk": 71, "fields": {"action_time": "2024-06-17T12:46:43.125Z", "user": 1, "content_type": 7, "object_id": "12", "object_repr": "Александр [bixber_student] Быньков", "action_flag": 3, "change_message": ""}}, {"model": "admin.logentry", "pk": 72, "fields": {"action_time": "2024-06-17T12:46:57.207Z", "user": 1, "content_type": 21, "object_id": "7", "object_repr": "Заказ 0007", "action_flag": 3, "change_message": ""}}, {"model": "admin.logentry", "pk": 73, "fields": {"action_time": "2024-06-17T12:47:09.734Z", "user": 1, "content_type": 7, "object_id": "12", "object_repr": "Александр [bixber_student] Быньков", "action_flag": 3, "change_message": ""}}, {"model": "admin.logentry", "pk": 74, "fields": {"action_time": "2024-06-17T13:23:53.747Z", "user": 1, "content_type": 21, "object_id": "15", "object_repr": "Заказ 0015", "action_flag": 3, "change_message": ""}}, {"model": "admin.logentry", "pk": 75, "fields": {"action_time": "2024-06-17T13:23:53.752Z", "user": 1, "content_type": 21, "object_id": "14", "object_repr": "Заказ 0014", "action_flag": 3, "change_message": ""}}, {"model": "admin.logentry", "pk": 76, "fields": {"action_time": "2024-06-17T13:24:08.817Z", "user": 1, "content_type": 25, "object_id": "6", "object_repr": "Занятие 19.06.2024 14:00 - 15:00", "action_flag": 3, "change_message": ""}}, {"model": "admin.logentry", "pk": 77, "fields": {"action_time": "2024-06-17T13:24:18.195Z", "user": 1, "content_type": 7, "object_id": "13", "object_repr": "Александр [bixber_student] Быньков", "action_flag": 3, "change_message": ""}}, {"model": "admin.logentry", "pk": 78, "fields": {"action_time": "2024-06-17T13:42:14.465Z", "user": 1, "content_type": 21, "object_id": "16", "object_repr": "Заказ 0016", "action_flag": 3, "change_message": ""}}, {"model": "admin.logentry", "pk": 79, "fields": {"action_time": "2024-06-17T13:42:20.175Z", "user": 1, "content_type": 25, "object_id": "7", "object_repr": "Занятие 21.06.2024 17:30 - 18:30", "action_flag": 3, "change_message": ""}}, {"model": "admin.logentry", "pk": 80, "fields": {"action_time": "2024-06-17T13:42:37.292Z", "user": 1, "content_type": 7, "object_id": "14", "object_repr": "Александр [bixber_student] Быньков", "action_flag": 3, "change_message": ""}}, {"model": "admin.logentry", "pk": 81, "fields": {"action_time": "2024-06-17T14:25:49.475Z", "user": 1, "content_type": 21, "object_id": "17", "object_repr": "Заказ 0017", "action_flag": 3, "change_message": ""}}, {"model": "admin.logentry", "pk": 82, "fields": {"action_time": "2024-06-17T14:25:55.751Z", "user": 1, "content_type": 25, "object_id": "8", "object_repr": "Занятие 21.06.2024 16:30 - 17:30", "action_flag": 3, "change_message": ""}}, {"model": "admin.logentry", "pk": 83, "fields": {"action_time": "2024-06-17T14:25:55.754Z", "user": 1, "content_type": 25, "object_id": "10", "object_repr": "Занятие 20.06.2024 13:30 - 14:30", "action_flag": 3, "change_message": ""}}, {"model": "admin.logentry", "pk": 84, "fields": {"action_time": "2024-06-17T14:25:55.755Z", "user": 1, "content_type": 25, "object_id": "11", "object_repr": "Занятие 19.06.2024 10:30 - 11:30", "action_flag": 3, "change_message": ""}}, {"model": "admin.logentry", "pk": 85, "fields": {"action_time": "2024-06-17T14:25:55.756Z", "user": 1, "content_type": 25, "object_id": "9", "object_repr": "Занятие 18.06.2024 09:30 - 10:30", "action_flag": 3, "change_message": ""}}, {"model": "admin.logentry", "pk": 86, "fields": {"action_time": "2024-06-17T14:26:05.121Z", "user": 1, "content_type": 7, "object_id": "15", "object_repr": "Александр [bixber_student] Быньков", "action_flag": 3, "change_message": ""}}, {"model": "auth.permission", "pk": 1, "fields": {"name": "Can add log entry", "content_type": 1, "codename": "add_logentry"}}, {"model": "auth.permission", "pk": 2, "fields": {"name": "Can change log entry", "content_type": 1, "codename": "change_logentry"}}, {"model": "auth.permission", "pk": 3, "fields": {"name": "Can delete log entry", "content_type": 1, "codename": "delete_logentry"}}, {"model": "auth.permission", "pk": 4, "fields": {"name": "Can view log entry", "content_type": 1, "codename": "view_logentry"}}, {"model": "auth.permission", "pk": 5, "fields": {"name": "Can add permission", "content_type": 2, "codename": "add_permission"}}, {"model": "auth.permission", "pk": 6, "fields": {"name": "Can change permission", "content_type": 2, "codename": "change_permission"}}, {"model": "auth.permission", "pk": 7, "fields": {"name": "Can delete permission", "content_type": 2, "codename": "delete_permission"}}, {"model": "auth.permission", "pk": 8, "fields": {"name": "Can view permission", "content_type": 2, "codename": "view_permission"}}, {"model": "auth.permission", "pk": 9, "fields": {"name": "Can add group", "content_type": 3, "codename": "add_group"}}, {"model": "auth.permission", "pk": 10, "fields": {"name": "Can change group", "content_type": 3, "codename": "change_group"}}, {"model": "auth.permission", "pk": 11, "fields": {"name": "Can delete group", "content_type": 3, "codename": "delete_group"}}, {"model": "auth.permission", "pk": 12, "fields": {"name": "Can view group", "content_type": 3, "codename": "view_group"}}, {"model": "auth.permission", "pk": 13, "fields": {"name": "Can add content type", "content_type": 4, "codename": "add_contenttype"}}, {"model": "auth.permission", "pk": 14, "fields": {"name": "Can change content type", "content_type": 4, "codename": "change_contenttype"}}, {"model": "auth.permission", "pk": 15, "fields": {"name": "Can delete content type", "content_type": 4, "codename": "delete_contenttype"}}, {"model": "auth.permission", "pk": 16, "fields": {"name": "Can view content type", "content_type": 4, "codename": "view_contenttype"}}, {"model": "auth.permission", "pk": 17, "fields": {"name": "Can add session", "content_type": 5, "codename": "add_session"}}, {"model": "auth.permission", "pk": 18, "fields": {"name": "Can change session", "content_type": 5, "codename": "change_session"}}, {"model": "auth.permission", "pk": 19, "fields": {"name": "Can delete session", "content_type": 5, "codename": "delete_session"}}, {"model": "auth.permission", "pk": 20, "fields": {"name": "Can view session", "content_type": 5, "codename": "view_session"}}, {"model": "auth.permission", "pk": 21, "fields": {"name": "Can add site", "content_type": 6, "codename": "add_site"}}, {"model": "auth.permission", "pk": 22, "fields": {"name": "Can change site", "content_type": 6, "codename": "change_site"}}, {"model": "auth.permission", "pk": 23, "fields": {"name": "Can delete site", "content_type": 6, "codename": "delete_site"}}, {"model": "auth.permission", "pk": 24, "fields": {"name": "Can view site", "content_type": 6, "codename": "view_site"}}, {"model": "auth.permission", "pk": 25, "fields": {"name": "Can add Пользователь", "content_type": 7, "codename": "add_user"}}, {"model": "auth.permission", "pk": 26, "fields": {"name": "Can change Пользователь", "content_type": 7, "codename": "change_user"}}, {"model": "auth.permission", "pk": 27, "fields": {"name": "Can delete Пользователь", "content_type": 7, "codename": "delete_user"}}, {"model": "auth.permission", "pk": 28, "fields": {"name": "Can view Пользователь", "content_type": 7, "codename": "view_user"}}, {"model": "auth.permission", "pk": 29, "fields": {"name": "Can add Профиль студента", "content_type": 8, "codename": "add_studentprofile"}}, {"model": "auth.permission", "pk": 30, "fields": {"name": "Can change Профиль студента", "content_type": 8, "codename": "change_studentprofile"}}, {"model": "auth.permission", "pk": 31, "fields": {"name": "Can delete Профиль студента", "content_type": 8, "codename": "delete_studentprofile"}}, {"model": "auth.permission", "pk": 32, "fields": {"name": "Can view Профиль студента", "content_type": 8, "codename": "view_studentprofile"}}, {"model": "auth.permission", "pk": 33, "fields": {"name": "Can add Присвоение тарифа", "content_type": 9, "codename": "add_studentrateassignment"}}, {"model": "auth.permission", "pk": 34, "fields": {"name": "Can change Присвоение тарифа", "content_type": 9, "codename": "change_studentrateassignment"}}, {"model": "auth.permission", "pk": 35, "fields": {"name": "Can delete Присвоение тарифа", "content_type": 9, "codename": "delete_studentrateassignment"}}, {"model": "auth.permission", "pk": 36, "fields": {"name": "Can view Присвоение тарифа", "content_type": 9, "codename": "view_studentrateassignment"}}, {"model": "auth.permission", "pk": 37, "fields": {"name": "Can add Профиль преподавателя", "content_type": 10, "codename": "add_teacherprofile"}}, {"model": "auth.permission", "pk": 38, "fields": {"name": "Can change Профиль преподавателя", "content_type": 10, "codename": "change_teacherprofile"}}, {"model": "auth.permission", "pk": 39, "fields": {"name": "Can delete Профиль преподавателя", "content_type": 10, "codename": "delete_teacherprofile"}}, {"model": "auth.permission", "pk": 40, "fields": {"name": "Can view Профиль преподавателя", "content_type": 10, "codename": "view_teacherprofile"}}, {"model": "auth.permission", "pk": 41, "fields": {"name": "Can add Присвоение тарифа", "content_type": 11, "codename": "add_teacherrateassignment"}}, {"model": "auth.permission", "pk": 42, "fields": {"name": "Can change Присвоение тарифа", "content_type": 11, "codename": "change_teacherrateassignment"}}, {"model": "auth.permission", "pk": 43, "fields": {"name": "Can delete Присвоение тарифа", "content_type": 11, "codename": "delete_teacherrateassignment"}}, {"model": "auth.permission", "pk": 44, "fields": {"name": "Can view Присвоение тарифа", "content_type": 11, "codename": "view_teacherrateassignment"}}, {"model": "auth.permission", "pk": 45, "fields": {"name": "Can add Тариф", "content_type": 12, "codename": "add_rate"}}, {"model": "auth.permission", "pk": 46, "fields": {"name": "Can change Тариф", "content_type": 12, "codename": "change_rate"}}, {"model": "auth.permission", "pk": 47, "fields": {"name": "Can delete Тариф", "content_type": 12, "codename": "delete_rate"}}, {"model": "auth.permission", "pk": 48, "fields": {"name": "Can view Тариф", "content_type": 12, "codename": "view_rate"}}, {"model": "auth.permission", "pk": 49, "fields": {"name": "Can add Предпочтение выбора", "content_type": 13, "codename": "add_preference"}}, {"model": "auth.permission", "pk": 50, "fields": {"name": "Can change Предпочтение выбора", "content_type": 13, "codename": "change_preference"}}, {"model": "auth.permission", "pk": 51, "fields": {"name": "Can delete Предпочтение выбора", "content_type": 13, "codename": "delete_preference"}}, {"model": "auth.permission", "pk": 52, "fields": {"name": "Can view Предпочтение выбора", "content_type": 13, "codename": "view_preference"}}, {"model": "auth.permission", "pk": 53, "fields": {"name": "Can add Услуга", "content_type": 14, "codename": "add_service"}}, {"model": "auth.permission", "pk": 54, "fields": {"name": "Can change Услуга", "content_type": 14, "codename": "change_service"}}, {"model": "auth.permission", "pk": 55, "fields": {"name": "Can delete Услуга", "content_type": 14, "codename": "delete_service"}}, {"model": "auth.permission", "pk": 56, "fields": {"name": "Can view Услуга", "content_type": 14, "codename": "view_service"}}, {"model": "auth.permission", "pk": 57, "fields": {"name": "Can add Тип услуги", "content_type": 15, "codename": "add_servicetype"}}, {"model": "auth.permission", "pk": 58, "fields": {"name": "Can change Тип услуги", "content_type": 15, "codename": "change_servicetype"}}, {"model": "auth.permission", "pk": 59, "fields": {"name": "Can delete Тип услуги", "content_type": 15, "codename": "delete_servicetype"}}, {"model": "auth.permission", "pk": 60, "fields": {"name": "Can view Тип услуги", "content_type": 15, "codename": "view_servicetype"}}, {"model": "auth.permission", "pk": 61, "fields": {"name": "Can add Предпочтение выбора услуги", "content_type": 16, "codename": "add_servicepreference"}}, {"model": "auth.permission", "pk": 62, "fields": {"name": "Can change Предпочтение выбора услуги", "content_type": 16, "codename": "change_servicepreference"}}, {"model": "auth.permission", "pk": 63, "fields": {"name": "Can delete Предпочтение выбора услуги", "content_type": 16, "codename": "delete_servicepreference"}}, {"model": "auth.permission", "pk": 64, "fields": {"name": "Can view Предпочтение выбора услуги", "content_type": 16, "codename": "view_servicepreference"}}, {"model": "auth.permission", "pk": 65, "fields": {"name": "Can add payment status", "content_type": 17, "codename": "add_paymentstatus"}}, {"model": "auth.permission", "pk": 66, "fields": {"name": "Can change payment status", "content_type": 17, "codename": "change_paymentstatus"}}, {"model": "auth.permission", "pk": 67, "fields": {"name": "Can delete payment status", "content_type": 17, "codename": "delete_paymentstatus"}}, {"model": "auth.permission", "pk": 68, "fields": {"name": "Can view payment status", "content_type": 17, "codename": "view_paymentstatus"}}, {"model": "auth.permission", "pk": 69, "fields": {"name": "Can add Электронный кошелёк", "content_type": 18, "codename": "add_wallet"}}, {"model": "auth.permission", "pk": 70, "fields": {"name": "Can change Электронный кошелёк", "content_type": 18, "codename": "change_wallet"}}, {"model": "auth.permission", "pk": 71, "fields": {"name": "Can delete Электронный кошелёк", "content_type": 18, "codename": "delete_wallet"}}, {"model": "auth.permission", "pk": 72, "fields": {"name": "Can view Электронный кошелёк", "content_type": 18, "codename": "view_wallet"}}, {"model": "auth.permission", "pk": 73, "fields": {"name": "Can add Транзакция виртуального счета", "content_type": 19, "codename": "add_wallettransaction"}}, {"model": "auth.permission", "pk": 74, "fields": {"name": "Can change Транзакция виртуального счета", "content_type": 19, "codename": "change_wallettransaction"}}, {"model": "auth.permission", "pk": 75, "fields": {"name": "Can delete Транзакция виртуального счета", "content_type": 19, "codename": "delete_wallettransaction"}}, {"model": "auth.permission", "pk": 76, "fields": {"name": "Can view Транзакция виртуального счета", "content_type": 19, "codename": "view_wallettransaction"}}, {"model": "auth.permission", "pk": 77, "fields": {"name": "Can add Статус электронного кошелька", "content_type": 20, "codename": "add_walletstatus"}}, {"model": "auth.permission", "pk": 78, "fields": {"name": "Can change Статус электронного кошелька", "content_type": 20, "codename": "change_walletstatus"}}, {"model": "auth.permission", "pk": 79, "fields": {"name": "Can delete Статус электронного кошелька", "content_type": 20, "codename": "delete_walletstatus"}}, {"model": "auth.permission", "pk": 80, "fields": {"name": "Can view Статус электронного кошелька", "content_type": 20, "codename": "view_walletstatus"}}, {"model": "auth.permission", "pk": 81, "fields": {"name": "Can add Заказ", "content_type": 21, "codename": "add_order"}}, {"model": "auth.permission", "pk": 82, "fields": {"name": "Can change Заказ", "content_type": 21, "codename": "change_order"}}, {"model": "auth.permission", "pk": 83, "fields": {"name": "Can delete Заказ", "content_type": 21, "codename": "delete_order"}}, {"model": "auth.permission", "pk": 84, "fields": {"name": "Can view Заказ", "content_type": 21, "codename": "view_order"}}, {"model": "auth.permission", "pk": 85, "fields": {"name": "Can add Статус заказа", "content_type": 22, "codename": "add_orderstatus"}}, {"model": "auth.permission", "pk": 86, "fields": {"name": "Can change Статус заказа", "content_type": 22, "codename": "change_orderstatus"}}, {"model": "auth.permission", "pk": 87, "fields": {"name": "Can delete Статус заказа", "content_type": 22, "codename": "delete_orderstatus"}}, {"model": "auth.permission", "pk": 88, "fields": {"name": "Can view Статус заказа", "content_type": 22, "codename": "view_orderstatus"}}, {"model": "auth.permission", "pk": 89, "fields": {"name": "Can add Услуга заказа", "content_type": 23, "codename": "add_orderservice"}}, {"model": "auth.permission", "pk": 90, "fields": {"name": "Can change Услуга заказа", "content_type": 23, "codename": "change_orderservice"}}, {"model": "auth.permission", "pk": 91, "fields": {"name": "Can delete Услуга заказа", "content_type": 23, "codename": "delete_orderservice"}}, {"model": "auth.permission", "pk": 92, "fields": {"name": "Can view Услуга заказа", "content_type": 23, "codename": "view_orderservice"}}, {"model": "auth.permission", "pk": 93, "fields": {"name": "Can add Статус занятия", "content_type": 24, "codename": "add_lessonstatus"}}, {"model": "auth.permission", "pk": 94, "fields": {"name": "Can change Статус занятия", "content_type": 24, "codename": "change_lessonstatus"}}, {"model": "auth.permission", "pk": 95, "fields": {"name": "Can delete Статус занятия", "content_type": 24, "codename": "delete_lessonstatus"}}, {"model": "auth.permission", "pk": 96, "fields": {"name": "Can view Статус занятия", "content_type": 24, "codename": "view_lessonstatus"}}, {"model": "auth.permission", "pk": 97, "fields": {"name": "Can add Занятие", "content_type": 25, "codename": "add_lesson"}}, {"model": "auth.permission", "pk": 98, "fields": {"name": "Can change Занятие", "content_type": 25, "codename": "change_lesson"}}, {"model": "auth.permission", "pk": 99, "fields": {"name": "Can delete Занятие", "content_type": 25, "codename": "delete_lesson"}}, {"model": "auth.permission", "pk": 100, "fields": {"name": "Can view Занятие", "content_type": 25, "codename": "view_lesson"}}, {"model": "auth.permission", "pk": 101, "fields": {"name": "Can add Новость", "content_type": 26, "codename": "add_news"}}, {"model": "auth.permission", "pk": 102, "fields": {"name": "Can change Новость", "content_type": 26, "codename": "change_news"}}, {"model": "auth.permission", "pk": 103, "fields": {"name": "Can delete Новость", "content_type": 26, "codename": "delete_news"}}, {"model": "auth.permission", "pk": 104, "fields": {"name": "Can view Новость", "content_type": 26, "codename": "view_news"}}, {"model": "contenttypes.contenttype", "pk": 1, "fields": {"app_label": "admin", "model": "logentry"}}, {"model": "contenttypes.contenttype", "pk": 2, "fields": {"app_label": "auth", "model": "permission"}}, {"model": "contenttypes.contenttype", "pk": 3, "fields": {"app_label": "auth", "model": "group"}}, {"model": "contenttypes.contenttype", "pk": 4, "fields": {"app_label": "contenttypes", "model": "contenttype"}}, {"model": "contenttypes.contenttype", "pk": 5, "fields": {"app_label": "sessions", "model": "session"}}, {"model": "contenttypes.contenttype", "pk": 6, "fields": {"app_label": "sites", "model": "site"}}, {"model": "contenttypes.contenttype", "pk": 7, "fields": {"app_label": "users", "model": "user"}}, {"model": "contenttypes.contenttype", "pk": 8, "fields": {"app_label": "profiles", "model": "studentprofile"}}, {"model": "contenttypes.contenttype", "pk": 9, "fields": {"app_label": "profiles", "model": "studentrateassignment"}}, {"model": "contenttypes.contenttype", "pk": 10, "fields": {"app_label": "profiles", "model": "teacherprofile"}}, {"model": "contenttypes.contenttype", "pk": 11, "fields": {"app_label": "profiles", "model": "teacherrateassignment"}}, {"model": "contenttypes.contenttype", "pk": 12, "fields": {"app_label": "rates", "model": "rate"}}, {"model": "contenttypes.contenttype", "pk": 13, "fields": {"app_label": "services", "model": "preference"}}, {"model": "contenttypes.contenttype", "pk": 14, "fields": {"app_label": "services", "model": "service"}}, {"model": "contenttypes.contenttype", "pk": 15, "fields": {"app_label": "services", "model": "servicetype"}}, {"model": "contenttypes.contenttype", "pk": 16, "fields": {"app_label": "services", "model": "servicepreference"}}, {"model": "contenttypes.contenttype", "pk": 17, "fields": {"app_label": "payments", "model": "paymentstatus"}}, {"model": "contenttypes.contenttype", "pk": 18, "fields": {"app_label": "payments", "model": "wallet"}}, {"model": "contenttypes.contenttype", "pk": 19, "fields": {"app_label": "payments", "model": "wallettransaction"}}, {"model": "contenttypes.contenttype", "pk": 20, "fields": {"app_label": "payments", "model": "walletstatus"}}, {"model": "contenttypes.contenttype", "pk": 21, "fields": {"app_label": "orders", "model": "order"}}, {"model": "contenttypes.contenttype", "pk": 22, "fields": {"app_label": "orders", "model": "orderstatus"}}, {"model": "contenttypes.contenttype", "pk": 23, "fields": {"app_label": "orders", "model": "orderservice"}}, {"model": "contenttypes.contenttype", "pk": 24, "fields": {"app_label": "lessons", "model": "lessonstatus"}}, {"model": "contenttypes.contenttype", "pk": 25, "fields": {"app_label": "lessons", "model": "lesson"}}, {"model": "contenttypes.contenttype", "pk": 26, "fields": {"app_label": "news", "model": "news"}}, {"model": "sessions.session", "pk": "l4pqpx8h30lyqj5xymswr23pfnrzpna4", "fields": {"session_data": ".eJxVjDEOgzAMRe-SuYriEGzo2J0zRDE2DW0VJAJT1btXSAzt-t97_21i2rcc96prnMVcDZjL78ZpfGo5gDxSuS92XMq2zmwPxZ602mERfd1O9-8gp5qP2hMQOe9EFaeWHEPCjtFJM7lWmCeiHtuu9xBQIXBDAVA9McgoHsznC80mNzs:1sJDIZ:qhsKNddjT3Ejs9HBXRcZGkthRq6I7_J5IYJjUheD2Xo", "expire_date": "2024-07-01T14:25:31.481Z"}}, {"model": "sessions.session", "pk": "omlh63cu27bmebr7681ipt53ylx6jb8u", "fields": {"session_data": ".eJxVjEEOwiAQRe_C2hCgDKBL9z0DGZhBqoYmpV0Z765NutDtf-_9l4i4rTVunZc4kbiIIE6_W8L84LYDumO7zTLPbV2mJHdFHrTLcSZ-Xg_376Bir9-6ABgHZIw3AyhGr5y32SIV1nlwQYEuNmRViM-OjNbEDgATKIOqBBLvD80kN5s:1sIwld:HWEnxJGaHOfuYz1WtXBAEYSSv6troBfyz73JhafYE_o", "expire_date": "2024-06-30T20:46:25.401Z"}}, {"model": "sites.site", "pk": 1, "fields": {"domain": "127.0.0.1:8000", "name": "127.0.0.1:8000"}}, {"model": "users.user", "pk": 1, "fields": {"is_superuser": true, "username": "bixber", "password": "pbkdf2_sha256$600000$0JsLVZ91v0hmxvMCALnD6P$jJaEIxX9PuUVKsvvwmYTIblFwr5tMYJR7I8OEVQXiI0=", "email": "bixber.official@gmail.com", "phone_number": null, "last_login_ip": "127.0.0.1", "last_login": "2024-06-17T14:25:31.476Z", "role": "", "first_name": "Aleksandr", "last_name": "Bynkov", "patronymic": null, "is_staff": true, "is_active": true, "is_news_sub": false, "date_joined": "2024-06-15T19:55:35.155Z", "groups": [], "user_permissions": []}}, {"model": "users.user", "pk": 2, "fields": {"is_superuser": false, "username": "teacher_1", "password": "pbkdf2_sha256$600000$4g0xfCKCCM2JCuCQ5zyvlV$1/YjSGoJDrEhUa2OAk3jgJ3b6UJKG4mb+HKAKuOIli0=", "email": "eduard_fer@gmail.com", "phone_number": "+79895672353", "last_login_ip": "127.0.0.1", "last_login": "2024-06-15T20:37:54.038Z", "role": "teacher", "first_name": "Эдуард", "last_name": "Фернадский", "patronymic": null, "is_staff": false, "is_active": true, "is_news_sub": true, "date_joined": "2024-06-15T20:37:47.459Z", "groups": [], "user_permissions": []}}, {"model": "users.user", "pk": 3, "fields": {"is_superuser": false, "username": "student_1", "password": "pbkdf2_sha256$600000$bBHqYkmXX0QCTu43jfr924$z40mTOVMrn07luiOfqC9f+3d8R4li0XcSGylaj7rkXc=", "email": "dm_sav@mail.ru", "phone_number": null, "last_login_ip": "127.0.0.1", "last_login": "2024-06-15T22:36:05.873Z", "role": "student", "first_name": "Дмитрий", "last_name": "Савельев", "patronymic": null, "is_staff": false, "is_active": true, "is_news_sub": false, "date_joined": "2024-06-15T22:36:02.887Z", "groups": [], "user_permissions": []}}, {"model": "users.user", "pk": 5, "fields": {"is_superuser": false, "username": "teacher_2", "password": "pbkdf2_sha256$600000$02slVvh20mp5IaIrQ29Lnm$58QmVMIiPtbGkw1ycM1dG1JSk/VGpiPNb95uhVI8QQA=", "email": "ivana@outlook.ru", "phone_number": null, "last_login_ip": "127.0.0.1", "last_login": "2024-06-16T18:11:50.215Z", "role": "teacher", "first_name": "Иван", "last_name": "Алтуфьев", "patronymic": null, "is_staff": false, "is_active": true, "is_news_sub": false, "date_joined": "2024-06-16T12:24:36.380Z", "groups": [], "user_permissions": []}}, {"model": "users.user", "pk": 6, "fields": {"is_superuser": false, "username": "student_3", "password": "pbkdf2_sha256$600000$UUbiwmhkIDmdHrUKkWHw0P$wyBr8dGfdT8FdWX9j/iszeDUnyJu/+ugyZfGja5Fo3s=", "email": "bixber.off@gmail.com", "phone_number": null, "last_login_ip": "127.0.0.1", "last_login": "2024-06-17T12:11:03.839Z", "role": "student", "first_name": "Alexander", "last_name": "Stefanov", "patronymic": null, "is_staff": false, "is_active": true, "is_news_sub": false, "date_joined": "2024-06-16T13:06:12.976Z", "groups": [], "user_permissions": []}}, {"model": "users.user", "pk": 7, "fields": {"is_superuser": false, "username": "bixber_teacher", "password": "pbkdf2_sha256$600000$574gU7A4QGv9Dqjvk4ccUe$uZf/gIXop5Z9KUtL5kjb8BAqdjKJ1tl/eLn2GwfZRnY=", "email": "bixber.commercial@mail.ru", "phone_number": null, "last_login_ip": "127.0.0.1", "last_login": "2024-06-16T22:43:31.413Z", "role": "teacher", "first_name": "Сергей", "last_name": "Александров", "patronymic": null, "is_staff": false, "is_active": true, "is_news_sub": false, "date_joined": "2024-06-16T19:36:53.332Z", "groups": [], "user_permissions": []}}, {"model": "users.user", "pk": 8, "fields": {"is_superuser": false, "username": "teacher_4", "password": "pbkdf2_sha256$600000$E6KRoNgKyKxLW5c8JzIuMP$lImPE2s2XTvIPfF17PQsMNDdLGpefQeBYEgRKN5ybz0=", "email": "ermolaev_s@mail.ru", "phone_number": "+79890846045", "last_login_ip": "127.0.0.1", "last_login": "2024-06-16T20:46:25.298Z", "role": "teacher", "first_name": "Sergey", "last_name": "Ermolaev", "patronymic": null, "is_staff": false, "is_active": true, "is_news_sub": true, "date_joined": "2024-06-16T20:46:19.277Z", "groups": [], "user_permissions": []}}, {"model": "profiles.teacherrateassignment", "pk": 1, "fields": {"rate": "speaking", "assigned_at": "2024-06-16T15:16:47.082Z", "teacher_profile": 2}}, {"model": "profiles.teacherrateassignment", "pk": 2, "fields": {"rate": "common", "assigned_at": "2024-06-16T15:16:52.017Z", "teacher_profile": 1}}, {"model": "profiles.teacherrateassignment", "pk": 3, "fields": {"rate": "common", "assigned_at": "2024-06-17T10:19:43.167Z", "teacher_profile": 3}}, {"model": "profiles.studentrateassignment", "pk": 1, "fields": {"rate": "common", "assigned_at": "2024-06-15T22:36:13.647Z", "student_profile": 1}}, {"model": "profiles.studentrateassignment", "pk": 7, "fields": {"rate": "speaking", "assigned_at": "2024-06-17T12:11:13.343Z", "student_profile": 3}}, {"model": "profiles.teacherprofile", "pk": 1, "fields": {"gender_code": null, "bio": "Молодой и оптимистичный преподаватель английского языка!\r\n\r\nВ любой момент готов выслушать мнение студента =)", "birthday_date": "2000-02-07", "image": "profiles/images/6009c9d0cd93bea_upscaled.jpeg", "image_width": 1024, "image_height": 1024, "telegram_username": "fernand", "user": 2, "education_level": "HBE"}}, {"model": "profiles.teacherprofile", "pk": 2, "fields": {"gender_code": "M", "bio": "", "birthday_date": "1989-02-06", "image": "", "image_width": null, "image_height": null, "telegram_username": null, "user": 5, "education_level": "HME"}}, {"model": "profiles.teacherprofile", "pk": 3, "fields": {"gender_code": null, "bio": "", "birthday_date": "1999-05-30", "image": "", "image_width": null, "image_height": null, "telegram_username": null, "user": 7, "education_level": "HME"}}, {"model": "profiles.teacherprofile", "pk": 4, "fields": {"gender_code": null, "bio": null, "birthday_date": "1995-12-01", "image": "", "image_width": null, "image_height": null, "telegram_username": null, "user": 8, "education_level": "SGE"}}, {"model": "profiles.studentprofile", "pk": 1, "fields": {"gender_code": "M", "bio": "Я Миша, очень умный студент!", "birthday_date": "2005-09-01", "image": "", "image_width": null, "image_height": null, "telegram_username": "mihail67", "user": 3}}, {"model": "profiles.studentprofile", "pk": 3, "fields": {"gender_code": null, "bio": null, "birthday_date": "2006-07-22", "image": "", "image_width": null, "image_height": null, "telegram_username": null, "user": 6}}, {"model": "rates.rate", "pk": "business", "fields": {"title": "Бизнес", "description": "Тариф для занятий с упором на бизнес-практику английского языка (презентация продуктов, общение с сотрудниками и др.)", "lesson_cost": "10000.00", "theme_image": "rates/themes/svgs/business_rate.svg"}}, {"model": "rates.rate", "pk": "common", "fields": {"title": "Обычный", "description": "Тариф для занятий с изучением грамматики и формальностей английского языка", "lesson_cost": "1000.00", "theme_image": "rates/themes/svgs/common_rate.svg"}}, {"model": "rates.rate", "pk": "speaking", "fields": {"title": "Разговорный", "description": "Тариф для занятий с разговорной практикой английского языка", "lesson_cost": "1500.00", "theme_image": "rates/themes/svgs/speaking_rate.svg"}}, {"model": "services.servicetype", "pk": "common", "fields": {"title": "Обычный", "description": "Одноразовый тип занятий"}}, {"model": "services.servicetype", "pk": "subscription", "fields": {"title": "Абонемент", "description": "Многоразовый тип занятия"}}, {"model": "services.preference", "pk": 1, "fields": {"text": "Плохо разбираетесь или ориентируетесь в грамматике английского"}}, {"model": "services.preference", "pk": 2, "fields": {"text": "Не правильно проговариваете слова"}}, {"model": "services.preference", "pk": 3, "fields": {"text": "Хотите увеличить свой словарный запас"}}, {"model": "services.preference", "pk": 4, "fields": {"text": "Часто имеете потребность разговаривать с сотрудниками на английском языке"}}, {"model": "services.preference", "pk": 5, "fields": {"text": "Хотите научиться красиво презентовать решения для бизнеса"}}, {"model": "services.preference", "pk": 6, "fields": {"text": "Планируете разобраться в способе подачи информации в бизнес-среде"}}, {"model": "services.preference", "pk": 7, "fields": {"text": "Хотите скорее снять речевой барьер говорения на английском"}}, {"model": "services.preference", "pk": 8, "fields": {"text": "Не можете распознать английскую речь собеседника"}}, {"model": "services.preference", "pk": 9, "fields": {"text": "Планируете уделить обучению продолжительное время"}}, {"model": "services.servicepreference", "pk": 2, "fields": {"service": "О-001", "preference": 3}}, {"model": "services.servicepreference", "pk": 3, "fields": {"service": "О-001", "preference": 2}}, {"model": "services.servicepreference", "pk": 4, "fields": {"service": "О-001", "preference": 1}}, {"model": "services.servicepreference", "pk": 5, "fields": {"service": "О-002", "preference": 6}}, {"model": "services.servicepreference", "pk": 6, "fields": {"service": "О-002", "preference": 5}}, {"model": "services.servicepreference", "pk": 7, "fields": {"service": "О-002", "preference": 4}}, {"model": "services.servicepreference", "pk": 8, "fields": {"service": "О-003", "preference": 7}}, {"model": "services.servicepreference", "pk": 9, "fields": {"service": "О-003", "preference": 3}}, {"model": "services.servicepreference", "pk": 10, "fields": {"service": "О-003", "preference": 8}}, {"model": "services.servicepreference", "pk": 11, "fields": {"service": "А-001", "preference": 9}}, {"model": "services.servicepreference", "pk": 12, "fields": {"service": "А-001", "preference": 8}}, {"model": "services.servicepreference", "pk": 13, "fields": {"service": "А-001", "preference": 7}}, {"model": "services.servicepreference", "pk": 14, "fields": {"service": "А-002", "preference": 9}}, {"model": "services.servicepreference", "pk": 15, "fields": {"service": "А-002", "preference": 6}}, {"model": "services.servicepreference", "pk": 16, "fields": {"service": "А-002", "preference": 5}}, {"model": "services.servicepreference", "pk": 17, "fields": {"service": "А-003", "preference": 9}}, {"model": "services.servicepreference", "pk": 18, "fields": {"service": "А-003", "preference": 1}}, {"model": "services.servicepreference", "pk": 19, "fields": {"service": "А-003", "preference": 3}}, {"model": "services.service", "pk": "А-001", "fields": {"title": "10 занятий с преподавателем", "description": "10 занятий с преподавателем высокой квалификации с акцентом на тренировку речи в онлайн-формате с возможностью дальнейшей записи.\r\nПродолжительность каждого занятия - 1 час.", "price": "14000.00", "type": "subscription", "rate": "speaking", "image": "services/images/speaking-rate-service-img_mCcum76.png", "created_at": "2024-06-16"}}, {"model": "services.service", "pk": "А-002", "fields": {"title": "10 занятий с преподаватем", "description": "10 занятий с носителем английского языка с упором на бизнес-практику английского языка в онлайн-формате с возможностью дальнейшей записи.\r\nПродолжительность каждого занятия - 1 час.", "price": "90000.00", "type": "subscription", "rate": "business", "image": "services/images/business-rate-service-img_xsOmU3I.png", "created_at": "2024-06-16"}}, {"model": "services.service", "pk": "А-003", "fields": {"title": "10 занятий с преподавателем", "description": "10 обычных занятий с преподавателем в онлайн-формате с возможностью дальнейшей записи.\r\nПродолжительность каждого занятия - 1 час.", "price": "10000.00", "type": "subscription", "rate": "common", "image": "services/images/common-rate-service-img_psrpQYF.png", "created_at": "2024-06-16"}}, {"model": "services.service", "pk": "О-001", "fields": {"title": "Урок с преподавателем", "description": "Обычное занятие с преподавателем в онлайн-формате в размере 1 часа без возможности дальнейшей записи.", "price": "1000.00", "type": "common", "rate": "common", "image": "services/images/common-rate-service-img.png", "created_at": "2024-06-16"}}, {"model": "services.service", "pk": "О-002", "fields": {"title": "Урок с преподавателем", "description": "Занятие с носителем английского языка с упором на бизнес-практику английского языка в онлайн-формате в размере 1 часа без возможности дальнейшей записи.", "price": "10000.00", "type": "common", "rate": "business", "image": "services/images/business-rate-service-img.png", "created_at": "2024-06-16"}}, {"model": "services.service", "pk": "О-003", "fields": {"title": "Урок с преподавателем", "description": "Занятие с преподавателем высокой квалификации с акцентом на тренировку речи в онлайн-формате без возможности дальнейшей записи.", "price": "1500.00", "type": "common", "rate": "speaking", "image": "services/images/speaking-rate-service-img.png", "created_at": "2024-06-16"}}, {"model": "payments.walletstatus", "pk": "active", "fields": {"title": "Активный", "description": ""}}, {"model": "payments.walletstatus", "pk": "freeze", "fields": {"title": "Заморожен", "description": "Невозможность временно пользоваться кошельком"}}, {"model": "payments.wallet", "pk": "40481b69-b423-4ea1-bb22-966f1ae0f2d6", "fields": {"user": 3, "balance": "2000.00", "status": null}}, {"model": "payments.wallet", "pk": "98e23e2f-369f-43ab-b06f-a7110bb02473", "fields": {"user": 5, "balance": "90000.00", "status": null}}, {"model": "payments.wallet", "pk": "b1166d5a-2aa2-481d-8f9c-bc4e2f3d29a2", "fields": {"user": 6, "balance": "23500.00", "status": null}}, {"model": "payments.wallet", "pk": "e3cf28d6-76c3-4928-9610-0386b55099e9", "fields": {"user": 8, "balance": "0.00", "status": null}}, {"model": "payments.wallet", "pk": "f5a6cbdf-587c-4f25-9e2a-5e5419716bba", "fields": {"user": 7, "balance": "0.00", "status": null}}, {"model": "payments.wallet", "pk": "f9a7fbc0-c5fd-43a1-839d-d9e85b7d99dd", "fields": {"user": 2, "balance": "0.00", "status": null}}, {"model": "payments.wallettransaction", "pk": 8, "fields": {"wallet": "b1166d5a-2aa2-481d-8f9c-bc4e2f3d29a2", "amount": "14000.00", "type": "payment", "created_at": "2024-06-17T12:11:13.303Z"}}, {"model": "payments.wallettransaction", "pk": 9, "fields": {"wallet": "b1166d5a-2aa2-481d-8f9c-bc4e2f3d29a2", "amount": "1500.00", "type": "payment", "created_at": "2024-06-17T12:11:18.037Z"}}, {"model": "payments.wallettransaction", "pk": 10, "fields": {"wallet": "b1166d5a-2aa2-481d-8f9c-bc4e2f3d29a2", "amount": "1500.00", "type": "payment", "created_at": "2024-06-17T12:11:22.849Z"}}, {"model": "payments.wallettransaction", "pk": 11, "fields": {"wallet": "b1166d5a-2aa2-481d-8f9c-bc4e2f3d29a2", "amount": "1500.00", "type": "payment", "created_at": "2024-06-17T12:12:29.025Z"}}, {"model": "payments.wallettransaction", "pk": 12, "fields": {"wallet": "b1166d5a-2aa2-481d-8f9c-bc4e2f3d29a2", "amount": "1500.00", "type": "payment", "created_at": "2024-06-17T12:12:32.406Z"}}, {"model": "payments.wallettransaction", "pk": 13, "fields": {"wallet": "b1166d5a-2aa2-481d-8f9c-bc4e2f3d29a2", "amount": "1500.00", "type": "payment", "created_at": "2024-06-17T12:12:34.675Z"}}, {"model": "orders.orderstatus", "pk": "paid", "fields": {"title": "Оплачено", "description": "Успешно оплаченный заказ"}}, {"model": "orders.orderstatus", "pk": "ready", "fields": {"title": "Подготовлено", "description": "Сформированный к оплате заказ"}}, {"model": "orders.order", "pk": 1, "fields": {"created_at": "2024-06-15T22:36:13.580Z", "user": 3, "status": "paid"}}, {"model": "orders.order", "pk": 3, "fields": {"created_at": "2024-06-16T12:25:00.174Z", "user": 5, "status": null}}, {"model": "orders.order", "pk": 4, "fields": {"created_at": "2024-06-16T13:06:30.820Z", "user": 6, "status": "paid"}}, {"model": "orders.order", "pk": 8, "fields": {"created_at": "2024-06-17T12:11:13.265Z", "user": 6, "status": "paid"}}, {"model": "orders.order", "pk": 9, "fields": {"created_at": "2024-06-17T12:11:18.008Z", "user": 6, "status": "paid"}}, {"model": "orders.order", "pk": 10, "fields": {"created_at": "2024-06-17T12:11:22.820Z", "user": 6, "status": "paid"}}, {"model": "orders.order", "pk": 11, "fields": {"created_at": "2024-06-17T12:12:28.995Z", "user": 6, "status": "paid"}}, {"model": "orders.order", "pk": 12, "fields": {"created_at": "2024-06-17T12:12:32.374Z", "user": 6, "status": "paid"}}, {"model": "orders.order", "pk": 13, "fields": {"created_at": "2024-06-17T12:12:34.646Z", "user": 6, "status": "paid"}}, {"model": "orders.orderservice", "pk": 1, "fields": {"order": 1, "service": "О-001", "amount": 1}}, {"model": "orders.orderservice", "pk": 3, "fields": {"order": 3, "service": "А-002", "amount": 1}}, {"model": "orders.orderservice", "pk": 4, "fields": {"order": 4, "service": "О-001", "amount": 1}}, {"model": "orders.orderservice", "pk": 8, "fields": {"order": 8, "service": "А-001", "amount": 1}}, {"model": "orders.orderservice", "pk": 9, "fields": {"order": 9, "service": "О-003", "amount": 1}}, {"model": "orders.orderservice", "pk": 10, "fields": {"order": 10, "service": "О-003", "amount": 1}}, {"model": "orders.orderservice", "pk": 11, "fields": {"order": 11, "service": "О-003", "amount": 1}}, {"model": "orders.orderservice", "pk": 12, "fields": {"order": 12, "service": "О-003", "amount": 1}}, {"model": "orders.orderservice", "pk": 13, "fields": {"order": 13, "service": "О-003", "amount": 1}}, {"model": "lessons.lessonstatus", "pk": "finished", "fields": {"title": "Успешно завершено", "description": "Успешно завершено и реализовано"}}, {"model": "lessons.lessonstatus", "pk": "pending", "fields": {"title": "Ожидает подтверждения преподавателя", "description": "Ожидается подтверждение занятия преподавателем"}}, {"model": "lessons.lessonstatus", "pk": "teacher_found", "fields": {"title": "Учитель найден", "description": "Учитель для проведения занятие найден."}}, {"model": "news.news", "pk": 1, "fields": {"title": "Добро пожаловать в современную онлайн-школу", "text": "Сегодня мы открыли двери и представляем вам нашу онлайн-школу английского языка Goodluck! Для всех желающих приступить к занятиям английского мы подготовили автоматизированную систему, встроенную в наш сайт.\r\n\r\nСо всеми правилами пользования и пользовательским соглашением можно ознакомиться в полезных ссылках в нижней панели сайта", "image": "news/images/Getty_open_class-0073-000279-5666559e5f9b583dc39e1e1f.jpg", "author": 1, "status": "PUB", "updated_at": "2024-06-15T20:13:34.047Z", "created_at": "2024-06-15T20:13:34.047Z"}}, {"model": "news.news", "pk": 2, "fields": {"title": "Новая возможность профиля пользователя", "text": "В текущем обновлении сайта мы подготовили для всех пользователей возможность управлять своим профилем: изменять и удалять данные о себе.\r\n\r\nДобавляя такую возможность, мы надеемся, что между пользователем и преподавателем будет проще устанавливаться контакт для успешного проведения занятий.", "image": "news/images/4466527_0jHHs6o.png", "author": 1, "status": "PUB", "updated_at": "2024-06-15T20:20:41.004Z", "created_at": "2024-06-15T20:19:41.551Z"}}, {"model": "news.news", "pk": 3, "fields": {"title": "Технический перерыв на сайте", "text": "В период с 15.06.2024 20:00 МСК по 16.06.2024 8:00 МСК сайте онлайн-школы будет находиться в профилактическом режиме для возможности устранения ошибок в обработке пользовательских данных. В таком режиме, на сайте будут доступны только страницы из раздела \"Полезные ссылки\", страницы \"О нас\", \"Контакты\" и \"Новости\".  \r\n\r\nПомимо устранения неполадок, в очередном обновлении, мы готовим для вас новую возможность на сайте: покупка онлайн-услуг по занятиям с преподавателем разных тарифов!\r\n\r\nПоэтому, просим вас проявить немного терпения и периодически отслуживать новости - мы сообщим, как только закончим технические работы.", "image": "news/images/unnamed.jpg", "author": 1, "status": "DF", "updated_at": "2024-06-15T21:38:40.823Z", "created_at": "2024-06-15T20:33:30.357Z"}}, {"model": "news.news", "pk": 4, "fields": {"title": "Сайт снова доступен", "text": "Работа над техническими неполадками успешно завершена! Приносим свои извинения за неудобства, а также напоминаем, что мы ввели для вас возможность приобретать услуги нашей онлайн-школы на вкладке \"Услуги\", перейдя на страницу детальной информации.", "image": "news/images/bug-fixed-oshibka-ispravlena.jpg", "author": 1, "status": "PUB", "updated_at": "2024-06-15T21:28:24.363Z", "created_at": "2024-06-15T21:28:24.363Z"}}, {"model": "news.news", "pk": 5, "fields": {"title": "Акция при покупке абонемента!", "text": "Дорогие посетители и пользователи сайта нашей онлайн-школы Goodluck, хотим вас обрадовать выгодным предложением при покупке абонемента на онлайн-занятия английского языка по тарифам \"Разговорный\" и \"Бизнес\". При покупке применяется скидка 10%!", "image": "news/images/10-percent-off-discount.jpg", "author": 1, "status": "PUB", "updated_at": "2024-06-16T10:48:42.907Z", "created_at": "2024-06-16T10:48:42.908Z"}}]